type,rpm,relative_abundance,group
Canonical,742553.449949745,74.2553449949745,14hr
IsomiR,257446.55005025506,25.744655005025507,14hr
Canonical,828480.6288642348,82.84806288642348,18hr
IsomiR,171519.37113576522,17.151937113576523,18hr
Canonical,8284,82.84806288642348,20hr
IsomiR,171,17.151937113576523,20hr
Canonical,8284,82.84806288642348,24hr
IsomiR,171,17.151937113576523,24hr